episode,step,demand_norm,solar_norm,wind_norm,price_norm,battery_norm,battery_health,diesel_avail,hour_norm,action,claude_response,timestamp
1,0,0.37349463,0.015782744,0.8661802,0.25727075,0.5,1.0,1.0,0.0,7,None,2026-03-03T14:06:09.313761
1,1,0.3990198,0.019769168,0.93934464,0.23952956,0.5,1.0,1.0,0.041666668,6,None,2026-03-03T14:06:10.892777
1,2,0.37304205,0.06500562,0.7306883,0.32861787,0.5,1.0,1.0,0.083333336,1,None,2026-03-03T14:06:12.441211
1,3,0.44266045,0.022238562,1.1326927,0.3711093,0.7,1.0,1.0,0.125,8,None,2026-03-03T14:06:14.080840
1,4,0.4862832,0.047061056,0.82172287,0.37513497,0.7,1.0,1.0,0.16666667,0,None,2026-03-03T14:06:15.592529
1,5,0.43376032,0.06198897,0.6707761,0.35473737,0.7,1.0,1.0,0.20833333,8,None,2026-03-03T14:06:17.064490
1,6,0.5125831,0.0,0.71588266,0.44258046,0.7,1.0,1.0,0.25,2,None,2026-03-03T14:06:18.626914
1,7,0.5188508,0.1192635,0.74173856,0.3468158,0.3,0.999975,1.0,0.29166666,0,None,2026-03-03T14:06:20.195342
1,8,0.5601696,0.46381545,0.5113803,0.41293108,0.3,0.99995,1.0,0.33333334,7,None,2026-03-03T14:06:21.742679
1,9,0.5418228,0.42585173,0.25784525,0.3456328,0.3,0.999925,1.0,0.375,1,None,2026-03-03T14:06:23.261857
2,0,0.4000649,0.06633344,0.6680129,0.24608473,0.5,1.0,1.0,0.0,6,None,2026-03-03T14:06:24.789501
2,1,0.3306091,0.0025891264,0.6007886,0.25548786,0.5,1.0,1.0,0.041666668,2,None,2026-03-03T14:06:26.346128
2,2,0.3659416,0.00013193292,0.8630936,0.34752858,0.1310719,0.999975,1.0,0.083333336,1,None,2026-03-03T14:06:27.906234
2,3,0.37602255,0.030531194,1.0092467,0.40390402,0.38664854,0.999935,1.0,0.125,8,None,2026-03-03T14:06:29.423371
2,4,0.477191,0.0016234377,0.8453344,0.39568833,0.38664854,0.999895,1.0,0.16666667,0,None,2026-03-03T14:06:30.921344
2,5,0.5088553,0.036735456,0.72870976,0.41237822,0.38664854,0.999855,1.0,0.20833333,8,None,2026-03-03T14:06:32.383998
2,6,0.5437658,0.0,0.9053324,0.40031165,0.38664854,0.999815,1.0,0.25,7,None,2026-03-03T14:06:33.917727
2,7,0.5152864,0.09673545,0.33548477,0.4149896,0.38664854,0.999775,1.0,0.29166666,2,None,2026-03-03T14:06:35.461040
2,8,0.5691136,0.28961957,0.41223678,0.37034723,0.0,0.99971,1.0,0.33333334,8,None,2026-03-03T14:06:36.973704
2,9,0.57031304,0.69599795,0.6680132,0.34330443,0.0,0.999645,1.0,0.375,0,None,2026-03-03T14:06:38.621906
